objectid,title,format
bitterrootcrossing_p001.jpg,Cover,jpg
bitterrootcrossing_p002.jpg,Title Page,jpg
bitterrootcrossing_p003.jpg, Legal,jpg
bitterrootcrossing_p004.jpg,Dedication,jpg
bitterrootcrossing_p005.jpg,iv Dedication,jpg
bitterrootcrossing_p006.jpg,Table of Contents,jpg
bitterrootcrossing_p007.jpg,Figures,jpg
bitterrootcrossing_p008.jpg,List of Maps,jpg
bitterrootcrossing_p009.jpg,Acknowledgements,jpg
bitterrootcrossing_p010.jpg,Preface,jpg
bitterrootcrossing_p011.jpg,Bitterroot Crossing ,jpg
bitterrootcrossing_p012.jpg,Intro,jpg
bitterrootcrossing_p013.jpg,Intro pg-02,jpg
bitterrootcrossing_p014.jpg,Intro pg-03,jpg
bitterrootcrossing_p015.jpg,Intro pg-04,jpg
bitterrootcrossing_p016.jpg,Chapter 1 ,jpg
bitterrootcrossing_p017.jpg,BC-page 6,jpg
bitterrootcrossing_p018.jpg,BC-page 7,jpg
bitterrootcrossing_p019.jpg,BC-page 8,jpg
bitterrootcrossing_p020.jpg,BC-page 9,jpg
bitterrootcrossing_p021.jpg,BC-page 10,jpg
bitterrootcrossing_p022.jpg,BC-page 11,jpg
bitterrootcrossing_p023.jpg,BC-page 12,jpg
bitterrootcrossing_p024.jpg,BC-page 13,jpg
bitterrootcrossing_p025.jpg,BC-page 14,jpg
bitterrootcrossing_p026.jpg,BC-page 15,jpg
bitterrootcrossing_p027.jpg,BC-page 16,jpg
bitterrootcrossing_p028.jpg,BC-page 17,jpg
bitterrootcrossing_p029.jpg,BC-page 18,jpg
bitterrootcrossing_p030.jpg,BC-page 19,jpg
bitterrootcrossing_p031.jpg,BC-page 20,jpg
bitterrootcrossing_p032.jpg,BC-page 21,jpg
bitterrootcrossing_p033.jpg,BC-page 22,jpg
bitterrootcrossing_p034.jpg,BC-page 23,jpg
bitterrootcrossing_p035.jpg,BC-page 24,jpg
bitterrootcrossing_p036.jpg,BC-page 25,jpg
bitterrootcrossing_p037.jpg,BC-page 26,jpg
bitterrootcrossing_p038.jpg,BC-page 27,jpg
bitterrootcrossing_p039.jpg,BC-page 28,jpg
bitterrootcrossing_p040.jpg,BC-page 29,jpg
bitterrootcrossing_p041.jpg,BC-page 30,jpg
bitterrootcrossing_p042.jpg,BC-page 31,jpg
bitterrootcrossing_p043.jpg,BC-page 32,jpg
bitterrootcrossing_p044.jpg,BC-page 33,jpg
bitterrootcrossing_p045.jpg,BC-page 34,jpg
bitterrootcrossing_p046.jpg,BC-page 35,jpg
bitterrootcrossing_p047.jpg,BC-page 36,jpg
bitterrootcrossing_p048.jpg,BC-page 37,jpg
bitterrootcrossing_p049.jpg,BC-page 38,jpg
bitterrootcrossing_p050.jpg,BC-page 39,jpg
bitterrootcrossing_p051.jpg,BC-page 40,jpg
bitterrootcrossing_p052.jpg,BC-page 41,jpg
bitterrootcrossing_p053.jpg,BC-page 42,jpg
bitterrootcrossing_p054.jpg,BC-page 43,jpg
bitterrootcrossing_p055.jpg,BC-page 44,jpg
bitterrootcrossing_p056.jpg,BC-page 45,jpg
bitterrootcrossing_p057.jpg,BC-page 46,jpg
bitterrootcrossing_p058.jpg,BC-page 47,jpg
bitterrootcrossing_p059.jpg,BC-page 48,jpg
bitterrootcrossing_p060.jpg,BC-page 49,jpg
bitterrootcrossing_p061.jpg,BC-page 50,jpg
bitterrootcrossing_p062.jpg,BC-page 51,jpg
bitterrootcrossing_p063.jpg,BC-page 52,jpg
bitterrootcrossing_p064.jpg,BC-page 53,jpg
bitterrootcrossing_p065.jpg,BC-page 54,jpg
bitterrootcrossing_p066.jpg,BC-page 55,jpg
bitterrootcrossing_p067.jpg,BC-page 56,jpg
bitterrootcrossing_p068.jpg,BC-page 57,jpg
bitterrootcrossing_p069.jpg,BC-page 58,jpg
bitterrootcrossing_p070.jpg,BC-page 59,jpg
bitterrootcrossing_p071.jpg,BC-page 60,jpg
bitterrootcrossing_p072.jpg,BC-page 61,jpg
bitterrootcrossing_p073.jpg,BC-page 62,jpg
bitterrootcrossing_p074.jpg,BC-page 63,jpg
bitterrootcrossing_p075.jpg,BC-page 64,jpg
bitterrootcrossing_p076.jpg,BC-page 65,jpg
bitterrootcrossing_p077.jpg,BC-page 66,jpg
bitterrootcrossing_p078.jpg,BC-page 67,jpg
bitterrootcrossing_p079.jpg,BC-page 68,jpg
bitterrootcrossing_p080.jpg,BC-page 69,jpg
bitterrootcrossing_p081.jpg,BC-page 70,jpg
bitterrootcrossing_p082.jpg,BC-page 71,jpg
bitterrootcrossing_p083.jpg,BC-page 72,jpg
bitterrootcrossing_p084.jpg,BC-page 73,jpg
bitterrootcrossing_p085.jpg,BC-page 74,jpg
bitterrootcrossing_p086.jpg,BC-page 75,jpg
bitterrootcrossing_p087.jpg,BC-page 76,jpg
bitterrootcrossing_p088.jpg,BC-page 77,jpg
bitterrootcrossing_p089.jpg,BC-page 78,jpg
bitterrootcrossing_p090.jpg,BC-page 79,jpg
bitterrootcrossing_p090.jpg,BC-page 80,jpg