objectid,title,creator,date,description,subject,location,latitude,longitude,source,identifier,type,format,language,rights,rightsstatement,display_template,object_location,image_small,image_thumb,image_alt_text,object_transcript
bitterrootcrossing_p001,Cover,,,,,,,,,,Image;StillImage,jpg,,,,image,/objects/bitterrootcrossing_p001.jpg,/objects/small/bitterrootcrossing_p001_sm.jpg,/objects/thumbs/bitterrootcrossing_p001_th.jpg,,
bitterrootcrossing_p002,Title Page,,,,,,,,,,Image;StillImage,jpg,,,,image,/objects/bitterrootcrossing_p002.jpg,/objects/small/bitterrootcrossing_p002_sm.jpg,/objects/thumbs/bitterrootcrossing_p002_th.jpg,,
bitterrootcrossing_p003, Legal,,,,,,,,,,Image;StillImage,jpg,,,,image,/objects/bitterrootcrossing_p003.jpg,/objects/small/bitterrootcrossing_p003_sm.jpg,/objects/thumbs/bitterrootcrossing_p003_th.jpg,,
bitterrootcrossing_p004,Dedication,,,,,,,,,,Image;StillImage,jpg,,,,image,/objects/bitterrootcrossing_p004.jpg,/objects/small/bitterrootcrossing_p004_sm.jpg,/objects/thumbs/bitterrootcrossing_p004_th.jpg,,
bitterrootcrossing_p005,iv Dedication,,,,,,,,,,Image;StillImage,jpg,,,,image,/objects/bitterrootcrossing_p005.jpg,/objects/small/bitterrootcrossing_p005_sm.jpg,/objects/thumbs/bitterrootcrossing_p005_th.jpg,,
bitterrootcrossing_p006,Table of Contents,,,,,,,,,,Image;StillImage,jpg,,,,image,/objects/bitterrootcrossing_p006.jpg,/objects/small/bitterrootcrossing_p006_sm.jpg,/objects/thumbs/bitterrootcrossing_p006_th.jpg,,
bitterrootcrossing_p007,Figures,,,,,,,,,,Image;StillImage,jpg,,,,image,/objects/bitterrootcrossing_p007.jpg,/objects/small/bitterrootcrossing_p007_sm.jpg,/objects/thumbs/bitterrootcrossing_p007_th.jpg,,
bitterrootcrossing_p008,List of Maps,,,,,,,,,,Image;StillImage,jpg,,,,image,/objects/bitterrootcrossing_p008.jpg,/objects/small/bitterrootcrossing_p008_sm.jpg,/objects/thumbs/bitterrootcrossing_p008_th.jpg,,
bitterrootcrossing_p009,Acknowledgements,,,,,,,,,,Image;StillImage,jpg,,,,image,/objects/bitterrootcrossing_p009.jpg,/objects/small/bitterrootcrossing_p009_sm.jpg,/objects/thumbs/bitterrootcrossing_p009_th.jpg,,
bitterrootcrossing_p010,Preface,,,,,,,,,,Image;StillImage,jpg,,,,image,/objects/bitterrootcrossing_p010.jpg,/objects/small/bitterrootcrossing_p010_sm.jpg,/objects/thumbs/bitterrootcrossing_p010_th.jpg,,
bitterrootcrossing_p011,Bitterroot Crossing ,,,,,,,,,,Image;StillImage,jpg,,,,image,/objects/bitterrootcrossing_p011.jpg,/objects/small/bitterrootcrossing_p011_sm.jpg,/objects/thumbs/bitterrootcrossing_p011_th.jpg,,
bitterrootcrossing_p012,Intro,,,,,,,,,,Image;StillImage,jpg,,,,image,/objects/bitterrootcrossing_p012.jpg,/objects/small/bitterrootcrossing_p012_sm.jpg,/objects/thumbs/bitterrootcrossing_p012_th.jpg,,
bitterrootcrossing_p013,Intro pg-02,,,,,,,,,,Image;StillImage,jpg,,,,image,/objects/bitterrootcrossing_p013.jpg,/objects/small/bitterrootcrossing_p013_sm.jpg,/objects/thumbs/bitterrootcrossing_p013_th.jpg,,
bitterrootcrossing_p014,Intro pg-03,,,,,,,,,,Image;StillImage,jpg,,,,image,/objects/bitterrootcrossing_p014.jpg,/objects/small/bitterrootcrossing_p014_sm.jpg,/objects/thumbs/bitterrootcrossing_p014_th.jpg,,
bitterrootcrossing_p015,Intro pg-04,,,,,,,,,,Image;StillImage,jpg,,,,image,/objects/bitterrootcrossing_p015.jpg,/objects/small/bitterrootcrossing_p015_sm.jpg,/objects/thumbs/bitterrootcrossing_p015_th.jpg,,
bitterrootcrossing_p016,Chapter 1 ,,,,,,,,,,Image;StillImage,jpg,,,,image,/objects/bitterrootcrossing_p016.jpg,/objects/small/bitterrootcrossing_p016_sm.jpg,/objects/thumbs/bitterrootcrossing_p016_th.jpg,,
bitterrootcrossing_p017,BC-page 6,,,,,,,,,,Image;StillImage,jpg,,,,image,/objects/bitterrootcrossing_p017.jpg,/objects/small/bitterrootcrossing_p017_sm.jpg,/objects/thumbs/bitterrootcrossing_p017_th.jpg,,
bitterrootcrossing_p018,BC-page 7,,,,,,,,,,Image;StillImage,jpg,,,,image,/objects/bitterrootcrossing_p018.jpg,/objects/small/bitterrootcrossing_p018_sm.jpg,/objects/thumbs/bitterrootcrossing_p018_th.jpg,,
bitterrootcrossing_p019,BC-page 8,,,,,,,,,,Image;StillImage,jpg,,,,image,/objects/bitterrootcrossing_p019.jpg,/objects/small/bitterrootcrossing_p019_sm.jpg,/objects/thumbs/bitterrootcrossing_p019_th.jpg,,
bitterrootcrossing_p020,BC-page 9,,,,,,,,,,Image;StillImage,jpg,,,,image,/objects/bitterrootcrossing_p020.jpg,/objects/small/bitterrootcrossing_p020_sm.jpg,/objects/thumbs/bitterrootcrossing_p020_th.jpg,,
bitterrootcrossing_p021,BC-page 10,,,,,,,,,,Image;StillImage,jpg,,,,image,/objects/bitterrootcrossing_p021.jpg,/objects/small/bitterrootcrossing_p021_sm.jpg,/objects/thumbs/bitterrootcrossing_p021_th.jpg,,
bitterrootcrossing_p022,BC-page 11,,,,,,,,,,Image;StillImage,jpg,,,,image,/objects/bitterrootcrossing_p022.jpg,/objects/small/bitterrootcrossing_p022_sm.jpg,/objects/thumbs/bitterrootcrossing_p022_th.jpg,,
bitterrootcrossing_p023,BC-page 12,,,,,,,,,,Image;StillImage,jpg,,,,image,/objects/bitterrootcrossing_p023.jpg,/objects/small/bitterrootcrossing_p023_sm.jpg,/objects/thumbs/bitterrootcrossing_p023_th.jpg,,
bitterrootcrossing_p024,BC-page 13,,,,,,,,,,Image;StillImage,jpg,,,,image,/objects/bitterrootcrossing_p024.jpg,/objects/small/bitterrootcrossing_p024_sm.jpg,/objects/thumbs/bitterrootcrossing_p024_th.jpg,,
bitterrootcrossing_p025,BC-page 14,,,,,,,,,,Image;StillImage,jpg,,,,image,/objects/bitterrootcrossing_p025.jpg,/objects/small/bitterrootcrossing_p025_sm.jpg,/objects/thumbs/bitterrootcrossing_p025_th.jpg,,
bitterrootcrossing_p026,BC-page 15,,,,,,,,,,Image;StillImage,jpg,,,,image,/objects/bitterrootcrossing_p026.jpg,/objects/small/bitterrootcrossing_p026_sm.jpg,/objects/thumbs/bitterrootcrossing_p026_th.jpg,,
bitterrootcrossing_p027,BC-page 16,,,,,,,,,,Image;StillImage,jpg,,,,image,/objects/bitterrootcrossing_p027.jpg,/objects/small/bitterrootcrossing_p027_sm.jpg,/objects/thumbs/bitterrootcrossing_p027_th.jpg,,
bitterrootcrossing_p028,BC-page 17,,,,,,,,,,Image;StillImage,jpg,,,,image,/objects/bitterrootcrossing_p028.jpg,/objects/small/bitterrootcrossing_p028_sm.jpg,/objects/thumbs/bitterrootcrossing_p028_th.jpg,,
bitterrootcrossing_p029,BC-page 18,,,,,,,,,,Image;StillImage,jpg,,,,image,/objects/bitterrootcrossing_p029.jpg,/objects/small/bitterrootcrossing_p029_sm.jpg,/objects/thumbs/bitterrootcrossing_p029_th.jpg,,
bitterrootcrossing_p030,BC-page 19,,,,,,,,,,Image;StillImage,jpg,,,,image,/objects/bitterrootcrossing_p030.jpg,/objects/small/bitterrootcrossing_p030_sm.jpg,/objects/thumbs/bitterrootcrossing_p030_th.jpg,,
bitterrootcrossing_p031,BC-page 20,,,,,,,,,,Image;StillImage,jpg,,,,image,/objects/bitterrootcrossing_p031.jpg,/objects/small/bitterrootcrossing_p031_sm.jpg,/objects/thumbs/bitterrootcrossing_p031_th.jpg,,
bitterrootcrossing_p032,BC-page 21,,,,,,,,,,Image;StillImage,jpg,,,,image,/objects/bitterrootcrossing_p032.jpg,/objects/small/bitterrootcrossing_p032_sm.jpg,/objects/thumbs/bitterrootcrossing_p032_th.jpg,,
bitterrootcrossing_p033,BC-page 22,,,,,,,,,,Image;StillImage,jpg,,,,image,/objects/bitterrootcrossing_p033.jpg,/objects/small/bitterrootcrossing_p033_sm.jpg,/objects/thumbs/bitterrootcrossing_p033_th.jpg,,
bitterrootcrossing_p034,BC-page 23,,,,,,,,,,Image;StillImage,jpg,,,,image,/objects/bitterrootcrossing_p034.jpg,/objects/small/bitterrootcrossing_p034_sm.jpg,/objects/thumbs/bitterrootcrossing_p034_th.jpg,,
bitterrootcrossing_p035,BC-page 24,,,,,,,,,,Image;StillImage,jpg,,,,image,/objects/bitterrootcrossing_p035.jpg,/objects/small/bitterrootcrossing_p035_sm.jpg,/objects/thumbs/bitterrootcrossing_p035_th.jpg,,
bitterrootcrossing_p036,BC-page 25,,,,,,,,,,Image;StillImage,jpg,,,,image,/objects/bitterrootcrossing_p036.jpg,/objects/small/bitterrootcrossing_p036_sm.jpg,/objects/thumbs/bitterrootcrossing_p036_th.jpg,,
bitterrootcrossing_p037,BC-page 26,,,,,,,,,,Image;StillImage,jpg,,,,image,/objects/bitterrootcrossing_p037.jpg,/objects/small/bitterrootcrossing_p037_sm.jpg,/objects/thumbs/bitterrootcrossing_p037_th.jpg,,
bitterrootcrossing_p038,BC-page 27,,,,,,,,,,Image;StillImage,jpg,,,,image,/objects/bitterrootcrossing_p038.jpg,/objects/small/bitterrootcrossing_p038_sm.jpg,/objects/thumbs/bitterrootcrossing_p038_th.jpg,,
bitterrootcrossing_p039,BC-page 28,,,,,,,,,,Image;StillImage,jpg,,,,image,/objects/bitterrootcrossing_p039.jpg,/objects/small/bitterrootcrossing_p039_sm.jpg,/objects/thumbs/bitterrootcrossing_p039_th.jpg,,
bitterrootcrossing_p040,BC-page 29,,,,,,,,,,Image;StillImage,jpg,,,,image,/objects/bitterrootcrossing_p040.jpg,/objects/small/bitterrootcrossing_p040_sm.jpg,/objects/thumbs/bitterrootcrossing_p040_th.jpg,,
bitterrootcrossing_p041,BC-page 30,,,,,,,,,,Image;StillImage,jpg,,,,image,/objects/bitterrootcrossing_p041.jpg,/objects/small/bitterrootcrossing_p041_sm.jpg,/objects/thumbs/bitterrootcrossing_p041_th.jpg,,
bitterrootcrossing_p042,BC-page 31,,,,,,,,,,Image;StillImage,jpg,,,,image,/objects/bitterrootcrossing_p042.jpg,/objects/small/bitterrootcrossing_p042_sm.jpg,/objects/thumbs/bitterrootcrossing_p042_th.jpg,,
bitterrootcrossing_p043,BC-page 32,,,,,,,,,,Image;StillImage,jpg,,,,image,/objects/bitterrootcrossing_p043.jpg,/objects/small/bitterrootcrossing_p043_sm.jpg,/objects/thumbs/bitterrootcrossing_p043_th.jpg,,
bitterrootcrossing_p044,BC-page 33,,,,,,,,,,Image;StillImage,jpg,,,,image,/objects/bitterrootcrossing_p044.jpg,/objects/small/bitterrootcrossing_p044_sm.jpg,/objects/thumbs/bitterrootcrossing_p044_th.jpg,,
bitterrootcrossing_p045,BC-page 34,,,,,,,,,,Image;StillImage,jpg,,,,image,/objects/bitterrootcrossing_p045.jpg,/objects/small/bitterrootcrossing_p045_sm.jpg,/objects/thumbs/bitterrootcrossing_p045_th.jpg,,
bitterrootcrossing_p046,BC-page 35,,,,,,,,,,Image;StillImage,jpg,,,,image,/objects/bitterrootcrossing_p046.jpg,/objects/small/bitterrootcrossing_p046_sm.jpg,/objects/thumbs/bitterrootcrossing_p046_th.jpg,,
bitterrootcrossing_p047,BC-page 36,,,,,,,,,,Image;StillImage,jpg,,,,image,/objects/bitterrootcrossing_p047.jpg,/objects/small/bitterrootcrossing_p047_sm.jpg,/objects/thumbs/bitterrootcrossing_p047_th.jpg,,
bitterrootcrossing_p048,BC-page 37,,,,,,,,,,Image;StillImage,jpg,,,,image,/objects/bitterrootcrossing_p048.jpg,/objects/small/bitterrootcrossing_p048_sm.jpg,/objects/thumbs/bitterrootcrossing_p048_th.jpg,,
bitterrootcrossing_p049,BC-page 38,,,,,,,,,,Image;StillImage,jpg,,,,image,/objects/bitterrootcrossing_p049.jpg,/objects/small/bitterrootcrossing_p049_sm.jpg,/objects/thumbs/bitterrootcrossing_p049_th.jpg,,
bitterrootcrossing_p050,BC-page 39,,,,,,,,,,Image;StillImage,jpg,,,,image,/objects/bitterrootcrossing_p050.jpg,/objects/small/bitterrootcrossing_p050_sm.jpg,/objects/thumbs/bitterrootcrossing_p050_th.jpg,,
bitterrootcrossing_p051,BC-page 40,,,,,,,,,,Image;StillImage,jpg,,,,image,/objects/bitterrootcrossing_p051.jpg,/objects/small/bitterrootcrossing_p051_sm.jpg,/objects/thumbs/bitterrootcrossing_p051_th.jpg,,
bitterrootcrossing_p052,BC-page 41,,,,,,,,,,Image;StillImage,jpg,,,,image,/objects/bitterrootcrossing_p052.jpg,/objects/small/bitterrootcrossing_p052_sm.jpg,/objects/thumbs/bitterrootcrossing_p052_th.jpg,,
bitterrootcrossing_p053,BC-page 42,,,,,,,,,,Image;StillImage,jpg,,,,image,/objects/bitterrootcrossing_p053.jpg,/objects/small/bitterrootcrossing_p053_sm.jpg,/objects/thumbs/bitterrootcrossing_p053_th.jpg,,
bitterrootcrossing_p054,BC-page 43,,,,,,,,,,Image;StillImage,jpg,,,,image,/objects/bitterrootcrossing_p054.jpg,/objects/small/bitterrootcrossing_p054_sm.jpg,/objects/thumbs/bitterrootcrossing_p054_th.jpg,,
bitterrootcrossing_p055,BC-page 44,,,,,,,,,,Image;StillImage,jpg,,,,image,/objects/bitterrootcrossing_p055.jpg,/objects/small/bitterrootcrossing_p055_sm.jpg,/objects/thumbs/bitterrootcrossing_p055_th.jpg,,
bitterrootcrossing_p056,BC-page 45,,,,,,,,,,Image;StillImage,jpg,,,,image,/objects/bitterrootcrossing_p056.jpg,/objects/small/bitterrootcrossing_p056_sm.jpg,/objects/thumbs/bitterrootcrossing_p056_th.jpg,,
bitterrootcrossing_p057,BC-page 46,,,,,,,,,,Image;StillImage,jpg,,,,image,/objects/bitterrootcrossing_p057.jpg,/objects/small/bitterrootcrossing_p057_sm.jpg,/objects/thumbs/bitterrootcrossing_p057_th.jpg,,
bitterrootcrossing_p058,BC-page 47,,,,,,,,,,Image;StillImage,jpg,,,,image,/objects/bitterrootcrossing_p058.jpg,/objects/small/bitterrootcrossing_p058_sm.jpg,/objects/thumbs/bitterrootcrossing_p058_th.jpg,,
bitterrootcrossing_p059,BC-page 48,,,,,,,,,,Image;StillImage,jpg,,,,image,/objects/bitterrootcrossing_p059.jpg,/objects/small/bitterrootcrossing_p059_sm.jpg,/objects/thumbs/bitterrootcrossing_p059_th.jpg,,
bitterrootcrossing_p060,BC-page 49,,,,,,,,,,Image;StillImage,jpg,,,,image,/objects/bitterrootcrossing_p060.jpg,/objects/small/bitterrootcrossing_p060_sm.jpg,/objects/thumbs/bitterrootcrossing_p060_th.jpg,,
bitterrootcrossing_p061,BC-page 50,,,,,,,,,,Image;StillImage,jpg,,,,image,/objects/bitterrootcrossing_p061.jpg,/objects/small/bitterrootcrossing_p061_sm.jpg,/objects/thumbs/bitterrootcrossing_p061_th.jpg,,
bitterrootcrossing_p062,BC-page 51,,,,,,,,,,Image;StillImage,jpg,,,,image,/objects/bitterrootcrossing_p062.jpg,/objects/small/bitterrootcrossing_p062_sm.jpg,/objects/thumbs/bitterrootcrossing_p062_th.jpg,,
bitterrootcrossing_p063,BC-page 52,,,,,,,,,,Image;StillImage,jpg,,,,image,/objects/bitterrootcrossing_p063.jpg,/objects/small/bitterrootcrossing_p063_sm.jpg,/objects/thumbs/bitterrootcrossing_p063_th.jpg,,
bitterrootcrossing_p064,BC-page 53,,,,,,,,,,Image;StillImage,jpg,,,,image,/objects/bitterrootcrossing_p064.jpg,/objects/small/bitterrootcrossing_p064_sm.jpg,/objects/thumbs/bitterrootcrossing_p064_th.jpg,,
bitterrootcrossing_p065,BC-page 54,,,,,,,,,,Image;StillImage,jpg,,,,image,/objects/bitterrootcrossing_p065.jpg,/objects/small/bitterrootcrossing_p065_sm.jpg,/objects/thumbs/bitterrootcrossing_p065_th.jpg,,
bitterrootcrossing_p066,BC-page 55,,,,,,,,,,Image;StillImage,jpg,,,,image,/objects/bitterrootcrossing_p066.jpg,/objects/small/bitterrootcrossing_p066_sm.jpg,/objects/thumbs/bitterrootcrossing_p066_th.jpg,,
bitterrootcrossing_p067,BC-page 56,,,,,,,,,,Image;StillImage,jpg,,,,image,/objects/bitterrootcrossing_p067.jpg,/objects/small/bitterrootcrossing_p067_sm.jpg,/objects/thumbs/bitterrootcrossing_p067_th.jpg,,
bitterrootcrossing_p068,BC-page 57,,,,,,,,,,Image;StillImage,jpg,,,,image,/objects/bitterrootcrossing_p068.jpg,/objects/small/bitterrootcrossing_p068_sm.jpg,/objects/thumbs/bitterrootcrossing_p068_th.jpg,,
bitterrootcrossing_p069,BC-page 58,,,,,,,,,,Image;StillImage,jpg,,,,image,/objects/bitterrootcrossing_p069.jpg,/objects/small/bitterrootcrossing_p069_sm.jpg,/objects/thumbs/bitterrootcrossing_p069_th.jpg,,
bitterrootcrossing_p070,BC-page 59,,,,,,,,,,Image;StillImage,jpg,,,,image,/objects/bitterrootcrossing_p070.jpg,/objects/small/bitterrootcrossing_p070_sm.jpg,/objects/thumbs/bitterrootcrossing_p070_th.jpg,,
bitterrootcrossing_p071,BC-page 60,,,,,,,,,,Image;StillImage,jpg,,,,image,/objects/bitterrootcrossing_p071.jpg,/objects/small/bitterrootcrossing_p071_sm.jpg,/objects/thumbs/bitterrootcrossing_p071_th.jpg,,
bitterrootcrossing_p072,BC-page 61,,,,,,,,,,Image;StillImage,jpg,,,,image,/objects/bitterrootcrossing_p072.jpg,/objects/small/bitterrootcrossing_p072_sm.jpg,/objects/thumbs/bitterrootcrossing_p072_th.jpg,,
bitterrootcrossing_p073,BC-page 62,,,,,,,,,,Image;StillImage,jpg,,,,image,/objects/bitterrootcrossing_p073.jpg,/objects/small/bitterrootcrossing_p073_sm.jpg,/objects/thumbs/bitterrootcrossing_p073_th.jpg,,
bitterrootcrossing_p074,BC-page 63,,,,,,,,,,Image;StillImage,jpg,,,,image,/objects/bitterrootcrossing_p074.jpg,/objects/small/bitterrootcrossing_p074_sm.jpg,/objects/thumbs/bitterrootcrossing_p074_th.jpg,,
bitterrootcrossing_p075,BC-page 64,,,,,,,,,,Image;StillImage,jpg,,,,image,/objects/bitterrootcrossing_p075.jpg,/objects/small/bitterrootcrossing_p075_sm.jpg,/objects/thumbs/bitterrootcrossing_p075_th.jpg,,
bitterrootcrossing_p076,BC-page 65,,,,,,,,,,Image;StillImage,jpg,,,,image,/objects/bitterrootcrossing_p076.jpg,/objects/small/bitterrootcrossing_p076_sm.jpg,/objects/thumbs/bitterrootcrossing_p076_th.jpg,,
bitterrootcrossing_p077,BC-page 66,,,,,,,,,,Image;StillImage,jpg,,,,image,/objects/bitterrootcrossing_p077.jpg,/objects/small/bitterrootcrossing_p077_sm.jpg,/objects/thumbs/bitterrootcrossing_p077_th.jpg,,
bitterrootcrossing_p078,BC-page 67,,,,,,,,,,Image;StillImage,jpg,,,,image,/objects/bitterrootcrossing_p078.jpg,/objects/small/bitterrootcrossing_p078_sm.jpg,/objects/thumbs/bitterrootcrossing_p078_th.jpg,,
bitterrootcrossing_p079,BC-page 68,,,,,,,,,,Image;StillImage,jpg,,,,image,/objects/bitterrootcrossing_p079.jpg,/objects/small/bitterrootcrossing_p079_sm.jpg,/objects/thumbs/bitterrootcrossing_p079_th.jpg,,
bitterrootcrossing_p080,BC-page 69,,,,,,,,,,Image;StillImage,jpg,,,,image,/objects/bitterrootcrossing_p080.jpg,/objects/small/bitterrootcrossing_p080_sm.jpg,/objects/thumbs/bitterrootcrossing_p080_th.jpg,,
bitterrootcrossing_p081,BC-page 70,,,,,,,,,,Image;StillImage,jpg,,,,image,/objects/bitterrootcrossing_p081.jpg,/objects/small/bitterrootcrossing_p081_sm.jpg,/objects/thumbs/bitterrootcrossing_p081_th.jpg,,
bitterrootcrossing_p082,BC-page 71,,,,,,,,,,Image;StillImage,jpg,,,,image,/objects/bitterrootcrossing_p082.jpg,/objects/small/bitterrootcrossing_p082_sm.jpg,/objects/thumbs/bitterrootcrossing_p082_th.jpg,,
bitterrootcrossing_p083,BC-page 72,,,,,,,,,,Image;StillImage,jpg,,,,image,/objects/bitterrootcrossing_p083.jpg,/objects/small/bitterrootcrossing_p083_sm.jpg,/objects/thumbs/bitterrootcrossing_p083_th.jpg,,
bitterrootcrossing_p084,BC-page 73,,,,,,,,,,Image;StillImage,jpg,,,,image,/objects/bitterrootcrossing_p084.jpg,/objects/small/bitterrootcrossing_p084_sm.jpg,/objects/thumbs/bitterrootcrossing_p084_th.jpg,,
bitterrootcrossing_p085,BC-page 74,,,,,,,,,,Image;StillImage,jpg,,,,image,/objects/bitterrootcrossing_p085.jpg,/objects/small/bitterrootcrossing_p085_sm.jpg,/objects/thumbs/bitterrootcrossing_p085_th.jpg,,
bitterrootcrossing_p086,BC-page 75,,,,,,,,,,Image;StillImage,jpg,,,,image,/objects/bitterrootcrossing_p086.jpg,/objects/small/bitterrootcrossing_p086_sm.jpg,/objects/thumbs/bitterrootcrossing_p086_th.jpg,,
bitterrootcrossing_p087,BC-page 76,,,,,,,,,,Image;StillImage,jpg,,,,image,/objects/bitterrootcrossing_p087.jpg,/objects/small/bitterrootcrossing_p087_sm.jpg,/objects/thumbs/bitterrootcrossing_p087_th.jpg,,
bitterrootcrossing_p088,BC-page 77,,,,,,,,,,Image;StillImage,jpg,,,,image,/objects/bitterrootcrossing_p088.jpg,/objects/small/bitterrootcrossing_p088_sm.jpg,/objects/thumbs/bitterrootcrossing_p088_th.jpg,,
bitterrootcrossing_p089,BC-page 78,,,,,,,,,,Image;StillImage,jpg,,,,image,/objects/bitterrootcrossing_p089.jpg,/objects/small/bitterrootcrossing_p089_sm.jpg,/objects/thumbs/bitterrootcrossing_p089_th.jpg,,
bitterrootcrossing_p090,BC-page 79,,,,,,,,,,Image;StillImage,jpg,,,,image,/objects/bitterrootcrossing_p090.jpg,/objects/small/bitterrootcrossing_p090_sm.jpg,/objects/thumbs/bitterrootcrossing_p090_th.jpg,,
bitterrootcrossing_p091,BC-page 80,,,,,,,,,,Image;StillImage,jpg,,,,image,/objects/bitterrootcrossing_p091.jpg,/objects/small/bitterrootcrossing_p091_sm.jpg,/objects/thumbs/bitterrootcrossing_p091_th.jpg,,